metric,value
rows_evaluated,2516
predicted_anomalies,1632
precision,0.9754901960784313
recall,0.9202312138728324
f1,0.9470553242117787
false_positive_rate,0.05089058524173028
